{"AED":4.47185800000000011067413652199320495128631591796875,"AFN":94.4793319999999994251993484795093536376953125,"ALL":123.091936000000004014509613625705242156982421875,"AMD":633.757151000000021667801775038242340087890625,"ANG":2.185795000000000154471990754245780408382415771484375,"AOA":789.5455279999999902429408393800258636474609375,"ARS":114.7462809999999961974026518873870372772216796875,"AUD":1.57473900000000011090151019743643701076507568359375,"AWG":2.19210800000000016751755538280121982097625732421875,"AZN":2.07393699999999991945287547423504292964935302734375,"BAM":1.949138000000000037204017644398845732212066650390625,"BBD":2.458757999999999999118927007657475769519805908203125,"BDT":103.2846239999999937708707875572144985198974609375,"BGN":1.9550840000000000440394387624110095202922821044921875,"BHD":0.458963999999999983092635602588416077196598052978515625,"BIF":2399.69209499999988111085258424282073974609375,"BMD":1.2175000000000000266453525910037569701671600341796875,"BND":1.6196989999999999998436805981327779591083526611328125,"BOB":8.4086370000000005830997906741686165332794189453125,"BRL":6.53395900000000029450575311784632503986358642578125,"BSD":1.2177189999999999958646412778762169182300567626953125,"BTC":3.62395500000000010155931651212313227006234228610992431640625e-5,"BTN":88.605063999999998713974491693079471588134765625,"BWP":12.9826449999999997686472852365113794803619384765625,"BYN":3.052121000000000083929307947983033955097198486328125,"BYR":23862.995976999998674727976322174072265625,"BZD":2.454572000000000198127736439346335828304290771484375,"CAD":1.4687799999999999744915157862124033272266387939453125,"CDF":2437.43481000000019776052795350551605224609375,"CHF":1.093720999999999943241846267483197152614593505859375,"CLF":0.031813000000000000999644811372490948997437953948974609375,"CLP":877.817138999999997395207174122333526611328125,"CNY":7.83363999999999993661958797019906342029571533203125,"COP":4561.971730999999635969288647174835205078125,"CRC":752.3269350000000486033968627452850341796875,"CUC":1.2175000000000000266453525910037569701671600341796875,"CUP":32.263745000000000118234311230480670928955078125,"CVE":110.6403030000000029531292966566979885101318359375,"CZK":25.4460499999999996134647517465054988861083984375,"DJF":216.374157999999994217432686127722263336181640625,"DKK":7.43315299999999989921661835978738963603973388671875,"DOP":69.385298000000005913534550927579402923583984375,"DZD":162.070774000000000114596332423388957977294921875,"EGP":19.074996999999999758301783003844320774078369140625,"ERN":18.264920000000000044337866711430251598358154296875,"ETB":52.21905799999999686633600504137575626373291015625,"EUR":1,"FJD":2.4782229999999998426574165932834148406982421875,"FKP":0.86626899999999995571897670743055641651153564453125,"GBP":0.8601199999999999956656893118633888661861419677734375,"GEL":4.02384800000000009134737410931847989559173583984375,"GGP":0.86626899999999995571897670743055641651153564453125,"GHS":7.0432509999999997063468981650657951831817626953125,"GIP":0.86626899999999995571897670743055641651153564453125,"GMD":62.35428399999999982128429110161960124969482421875,"GNF":12016.7228539999996428377926349639892578125,"GTQ":9.3984310000000004237108441884629428386688232421875,"GYD":254.765279999999989968273439444601535797119140625,"HKD":9.4520169999999996690576153923757374286651611328125,"HNL":29.354116000000001207581590279005467891693115234375,"HRK":7.506128000000000355385054717771708965301513671875,"HTG":107.465025999999994610334397293627262115478515625,"HUF":348.51723399999997354825609363615512847900390625,"IDR":17492.67180100000041420571506023406982421875,"ILS":3.964831000000000216232365346513688564300537109375,"IMP":0.86626899999999995571897670743055641651153564453125,"INR":88.7685220000000043683030526153743267059326171875,"IQD":1779.9846999999999752617441117763519287109375,"IRR":51262.828651000003446824848651885986328125,"ISK":148.851619999999996935002855025231838226318359375,"JEP":0.86626899999999995571897670743055641651153564453125,"JMD":182.2019109999999955107341520488262176513671875,"JOD":0.86321199999999997931610096202348358929157257080078125,"JPY":132.59188199999999824285623617470264434814453125,"KES":131.725788999999991801814758218824863433837890625,"KGS":102.0031060000000024956534616649150848388671875,"KHR":4961.312127999999574967660009860992431640625,"KMF":491.86968200000001161242835223674774169921875,"KPW":1095.749958000000106039806269109249114990234375,"KRW":1373.08379500000000916770659387111663818359375,"KWD":0.36591899999999999426592012241599150002002716064453125,"KYD":1.014841000000000104108721643569879233837127685546875,"KZT":521.987789000000020678271539509296417236328125,"LAK":11493.19813699999940581619739532470703125,"LBP":1859.122071000000005369656719267368316650390625,"LKR":239.899531999999993558958522044122219085693359375,"LRD":208.953361000000001013177097775042057037353515625,"LSL":16.983481999999998635075826314277946949005126953125,"LTL":3.594961000000000073129058364429511129856109619140625,"LVL":0.73645300000000002427213985356502234935760498046875,"LYD":5.430096999999999951569407130591571331024169921875,"MAD":10.73652200000000078716766438446938991546630859375,"MDL":21.541737999999998720568328280933201313018798828125,"MGA":4575.364016999999876134097576141357421875,"MKD":61.3444190000000020290826796554028987884521484375,"MMK":2004.4394800000000032014213502407073974609375,"MNT":3470.98610899999994217068888247013092041015625,"MOP":9.739121000000000805130184744484722614288330078125,"MRO":434.64721700000001192165655083954334259033203125,"MUR":49.5627860000000026730049285106360912322998046875,"MVR":18.7503549999999989950083545409142971038818359375,"MWK":961.824380000000019208528101444244384765625,"MXN":24.2988500000000016143530956469476222991943359375,"MYR":5.0416460000000000718500814400613307952880859375,"MZN":72.724277999999998201019479893147945404052734375,"NAD":16.9840319999999991296135704033076763153076171875,"NGN":502.217174999999997453414835035800933837890625,"NIO":42.95947699999999969122654874809086322784423828125,"NOK":10.20701999999999998181010596454143524169921875,"NPR":141.7677429999999958454282023012638092041015625,"NZD":1.6988170000000000214868123293854296207427978515625,"OMR":0.46871899999999999675281969757634215056896209716796875,"PAB":1.2177189999999999958646412778762169182300567626953125,"PEN":4.55283899999999963625896270968951284885406494140625,"PGK":4.29751200000000022072299543651752173900604248046875,"PHP":58.34287900000000348654793924652040004730224609375,"PKR":186.82557600000001230000634677708148956298828125,"PLN":4.49498399999999964649077810463495552539825439453125,"PYG":8177.5245089999998526764102280139923095703125,"QAR":4.4329190000000000537738742423243820667266845703125,"RON":4.92156000000000037886138670728541910648345947265625,"RSD":117.1776780000000002246451913379132747650146484375,"RUB":89.598735000000004902176442556083202362060546875,"RWF":1211.41229599999996935366652905941009521484375,"SAR":4.56586300000000022691892809234559535980224609375,"SBD":9.697404999999999830606611794792115688323974609375,"SCR":19.990733999999999781493897899053990840911865234375,"SDG":502.21939200000002756496542133390903472900390625,"SEK":10.1396789999999992204493537428788840770721435546875,"SGD":1.621820000000000039364067561109550297260284423828125,"SHP":0.86626899999999995571897670743055641651153564453125,"SLL":12467.197959999999511637724936008453369140625,"SOS":712.2378700000000435466063208878040313720703125,"SRD":17.232513999999998333123585325665771961212158203125,"STD":25245.81338300000061281025409698486328125,"SVC":10.6554149999999996367705534794367849826812744140625,"SYP":1531.048931000000038693542592227458953857421875,"SZL":16.99658099999999905094227869994938373565673828125,"THB":38.17897099999999710462361690588295459747314453125,"TJS":13.88821599999999989449861459434032440185546875,"TMT":4.2734240000000003334434950374998152256011962890625,"TND":3.312203999999999926018290352658368647098541259765625,